{
  "mean": [
    44.42437696934976,
    0.48066456602692637,
    124.23120166141507,
    80.15796333428817,
    100.31779576052708,
    71.85308650816386,
    25.50728301346319
  ],
  "scale": [
    14.385113027125717,
    0.4996260011179091,
    15.154069432166441,
    9.677811166049572,
    19.71384882663826,
    13.441015558314932,
    3.739394525938592
  ],
  "columns": [
    "age",
    "sex",
    "systolic",
    "diastolic",
    "sugar",
    "weight",
    "bmi"
  ]
}